{
    "label": {
        "cancel": "إلغاء",
        "filter_folders": "فرز المجلدات",
        "go_back": "الرجوع للخلف",
        "delete": "حذف",
        "discard_changes": "تجاهل التغييرات",
        "new_folder": "مجلد جديد",
        "save": "حفظ",
        "time_zone": "المنطقة الزمنية",
        "clear_search_query": "مسح البحث",
        "delete_permanently": "حذفها نهائياً"
    },
    "messages": {
        "permanent_delete_title": "هل أنت متأكد من حذف هذا العنصر نهائيا؟"
    },
    "message": {
        "snackbar": {
            "settings_saved": "تم حفظ التعديلات بشكل صحيح"
        }
    },
    "settings": {
        "choose": "اختر"
    },
    "share": {
        "is_contained_in": "ويحتوي على"
    },
    "timezone": {
        "iraq": "{{value}} العراق",
        "krasnoyarsk_rtz_6": "{{value}} كراسنويارسك (RTZ 6)",
        "kuwait_riyadh": "{{value}} الكويت, الرياض",
        "magadan": "{{value}} ماجادان",
        "moscow_st_petersburg_volgograd_rtz_2": "{{value}} موسكو ، سانت بطرسبرغ ، فولغوغراد (RTZ 2)",
        "beirut": "{{value}} بيروت",
        "belgrade_bratislava_budapest_ljubljana_prague": "{{value}} بلغراد، براتيسلافا، بودابست، ليوبليانا، براغ",
        "brasilia": "{{value}} برازيليا",
        "britain_ireland_portugal": "{{value}} بريطانيا، ايرلندا، البرتغال",
        "caracas": "{{value}} كراكاس",
        "casablanca": "{{value}} الدار البيضاء",
        "cayenne_fortaleza": "{{value}} كايين ، فورتاليزا",
        "central_america": "{{value}} أمريكا الوسطى",
        "chennai_kolkata_mumbai_new_delhi": "{{value}} تشيناي ، كولكاتا ، مومباي ، نيودلهي",
        "colombia": "{{value}} كولومبيا",
        "coordinated_universal_time": "{{value}} التوقيت العالمي المنسق",
        "cuiaba": "{{value}} كويابا",
        "egypt": "{{value}} مصر",
        "ekaterinburg_rtz_4": "{{value}} ايكاترينبرغ (RTZ 4)",
        "eucla": "{{value}} يوكلا",
        "christmas_island": "{{value}} جزيرة كريسماس",
        "gmt_02": "{{value}} جرينتش-02",
        "hawaii": "{{value}} هاواي",
        "kathmandu": "{{value}} كاثماندو",
        "korea": "{{value}} كوريا",
        "monrovia": "{{value}} مونروفيا",
        "montevideo": "{{value}} مونتفيديو",
        "nairobi": "{{value}} نيروبي",
        "namibia": "{{value}} ناميبيا",
        "newfoundland": "{{value}} نيوفاوندلاند",
        "nuku_alofa": "{{value}} نوكوالوفا",
        "tbilisi": "{{value}} تبيليسي",
        "vladivostok_magadan": "{{value}} فلاديفوستوك ماجادان RTZ 9",
        "west_central_africa": "{{value}} غرب وسط أفريقيا",
        "cape_verde_is": "{{value}} الرأس الأخضر",
        "chihuahua_la_paz_mazatlan": "{{value}} تشيهواهوا، لاباز، مازاتلان",
        "chita": "{{value}} تشيتا",
        "damascus": "{{value}} دمشق",
        "darwin": "{{value}} داروين",
        "dateline": "{{value}} ديتلاين",
        "dhaka": "{{value}} دكا",
        "georgetown_la_paz_manaus_san_juan": "{{value}} جورجتاون، لاباز، ماناوس، سان خوان",
        "gmt_11": "{{value}} جرينتش-11",
        "greenland": "{{value}} غرينلاند",
        "harare_pretoria": "{{value}} هراري, بريتوريا",
        "helsinki_kyiv_riga_sofia_tallinn_vilnius": "{{value}} هلسنكي, كييف, ريغا, صوفيا, تالين, فيلنيوس",
        "indiana_east": "{{value}} إنديانا (شرق)",
        "irkutsk_rtz_7": "{{value}} إيركوتسك (RTZ 7)",
        "istanbul": "{{value}} إسطنبول",
        "jerusalem": "{{value}} القدس",
        "jordan": "{{value}} الأردن",
        "kabul": "{{value}} كابل",
        "kaliningrad_rtz_1": "{{value}} كالينينغراد (RTZ 1)",
        "la_paz": "{{value}} لاباز",
        "manaus": "{{value}} ماناوس",
        "mid_atlantic": "{{value}} وسط المحيط الأطلسي",
        "minsk": "{{value}} منسك",
        "pacific_south_america": "{{value}} المحيط الهادئ أمريكا الجنوبية",
        "port_louis": "{{value}} بورت لويس",
        "pyongyang": "{{value}} بيونغ يانغ",
        "samoa": "{{value}} ساموا",
        "sarajevo_skopje_warsaw_zagreb": "{{value}} سراييفو, سكوبي, وارسو, زغرب",
        "saskatchewan": "{{value}} ساسكاتشوان",
        "sri_jayawardenepura_kotte": "{{value}} سري جاياواردنابورا كوتي",
        "tehran": "{{value}} طهران",
        "us_canada_central": "{{value}} وسط الولايات المتحدة / كندا",
        "us_canada_eastern": "{{value}} الولايات المتحدة / كندا الشرقية",
        "us_canada_mountain": "{{value}} جبل الولايات المتحدة / كندا",
        "us_canada_pacific": "{{value}} الولايات المتحدة / كندا والمحيط الهادئ",
        "yangon": "{{value}} يانغون",
        "yerevan": "{{value}} يريفان",
        "asuncion": "{{value}} أسونسيون",
        "azores": "{{value}} جزر الأزور",
        "athens_beirut_bucharest_istanbul": "{{value}} أثينا، بيروت، بوخارست، اسطنبول",
        "baja_california": "{{value}} باها كاليفورنيا",
        "baku": "{{value}} باكو",
        "abu_dhabi_muscat": "{{value}} أبو ظبي، مسقط",
        "arizona": "{{value}} أريزونا",
        "atlantic_time_canada": "{{value}} التوقيت الأطلسي (كندا)",
        "alaska": "{{value}} ألاسكا",
        "amsterdam_berlin_bern_rome_stockholm_vienna": "{{value}} أمستردام، برلين، برن، روما، ستوكهولم، فيينا",
        "anadyr_petropavlovsk_kamchatsky_rtz11": "{{value}} أنادير، بتروبافلوفسك كامتشاتسكي (RTZ 11)",
        "argentina": "{{value}} الأرجنتين",
        "bangkok_hanoi_jakarta": "{{value}} بانكوك، هانوي، جاكرتا",
        "beijing_chongqing_hong_kong_urumqi": "{{value}} بكين، تشونغتشينغ، هونغ كونغ، أورومتشي"
    }
}
