{
    "label": {
        "delete": "Izbriši",
        "discard_changes": "Zavrzi spremembe",
        "save": "Shrani",
        "delete_permanently": "Trajno izbriši"
    },
    "timezone": {
        "abu_dhabi_muscat": "{{value}} Abu Dabi, Muskat",
        "alaska": "{{value}} Aljaska",
        "anadyr_petropavlovsk_kamchatsky_rtz11": "{{value}} Anadyr, Petropavlovsk-Kamčatski (RTZ 11)",
        "argentina": "{{value}} Argentina",
        "arizona": "{{value}} Arizona",
        "azores": "{{value}} Azori",
        "baja_california": "{{value}} Baja Kalifornija",
        "baku": "{{value}} Baku",
        "bangkok_hanoi_jakarta": "{{value}} Bangkok, Hanoj, Džakarta",
        "beirut": "{{value}} Bejrut",
        "belgrade_bratislava_budapest_ljubljana_prague": "{{value}} Beograd, Bratislava, Budimpešta, Ljubljana, Praga",
        "brasilia": "{{value}} Brazilija",
        "britain_ireland_portugal": "{{value}} Britanija, Irska, Portugalska",
        "caracas": "{{value}} Caracas",
        "casablanca": "{{value}} Casablanca",
        "cayenne_fortaleza": "{{value}} Cayenne, Fortaleza",
        "central_america": "{{value}} Srednja Amerika",
        "chita": "{{value}} Čita",
        "christmas_island": "{{value}} Božični otok",
        "colombia": "{{value}} Kolumbija",
        "damascus": "{{value}} Damask",
        "darwin": "{{value}} Darwin",
        "dateline": "{{value}} Datumska meja",
        "egypt": "{{value}} Egipt",
        "ekaterinburg_rtz_4": "{{value}} Ekaterinburg (RTZ 4)",
        "eucla": "{{value}} Eucla",
        "georgetown_la_paz_manaus_san_juan": "{{value}} Georgetown, La Paz, Manaus, San Juan",
        "gmt_02": "{{value}} GMT-02",
        "gmt_11": "{{value}} GMT-11",
        "greenland": "{{value}} Grenlandija",
        "harare_pretoria": "{{value}} Harare, Pretorija",
        "hawaii": "{{value}} Havaji",
        "chennai_kolkata_mumbai_new_delhi": "{{value}} Chennai, Kolkata, Mumbai, New Delhi",
        "dhaka": "{{value}} Daka",
        "asuncion": "{{value}} Asuncion",
        "amsterdam_berlin_bern_rome_stockholm_vienna": "{{value}} Amsterdam, Berlin, Bern, Rim, Stockholm, Dunaj",
        "athens_beirut_bucharest_istanbul": "{{value}} Atene, Bejrut, Bukarešta, Istanbul",
        "atlantic_time_canada": "{{value}} Atlantski čas (Kanada)",
        "beijing_chongqing_hong_kong_urumqi": "{{value}} Peking, Chongqing, Hongkong, Urumqi",
        "chihuahua_la_paz_mazatlan": "{{value}} Chihuahua, La Paz, Mazatlan",
        "cape_verde_is": "{{value}} Zelenortski otoki",
        "coordinated_universal_time": "{{value}} Univerzalni koordinirani čas (UTC)",
        "cuiaba": "{{value}} Cuiaba",
        "helsinki_kyiv_riga_sofia_tallinn_vilnius": "{{value}} Helsinki, Kijev, Riga, Sofija, Talin, Vilna",
        "indiana_east": "{{value}} Indiana (Vzhod)",
        "iraq": "{{value}} Irak",
        "irkutsk_rtz_7": "{{value}} Irkutsk (RTZ 7)",
        "istanbul": "{{value}} Istanbul",
        "jordan": "{{value}} Jordanija",
        "kabul": "{{value}} Kabul",
        "kathmandu": "{{value}} Katmandu",
        "korea": "{{value}} Koreja",
        "kuwait_riyadh": "{{value}} Kuvajt, Rijad",
        "magadan": "{{value}} Magadan",
        "manaus": "{{value}} Manaus",
        "mid_atlantic": "{{value}} Srednji Atlantik",
        "minsk": "{{value}} Minsk",
        "monrovia": "{{value}} Monrovija",
        "montevideo": "{{value}} Montevideo",
        "moscow_st_petersburg_volgograd_rtz_2": "{{value}} Moskva, St. Peterburg, Volgograd (RTZ 2)",
        "nairobi": "{{value}} Nairobi",
        "namibia": "{{value}} Namibija",
        "nuku_alofa": "{{value}} Nuku’alofa",
        "newfoundland": "{{value}} Nova Fundlandija",
        "pacific_south_america": "{{value}} Pacifiška Južna Amerika",
        "pyongyang": "{{value}} Pjongjang",
        "samoa": "{{value}} Samoa",
        "saskatchewan": "{{value}} Saskatchewan",
        "sri_jayawardenepura_kotte": "{{value}} Sri Jayawardenepura Kotte",
        "tbilisi": "{{value}} Tbilisi",
        "tehran": "{{value}} Teheran",
        "us_canada_eastern": "{{value}} ZDA/Kanada Vzhodni",
        "us_canada_mountain": "{{value}} ZDA/Kanada Gorski",
        "us_canada_pacific": "{{value}} ZDA/Kanada Tihooceanski",
        "west_central_africa": "{{value}} Zahodna Srednja Afrika",
        "yerevan": "{{value}} Ereván",
        "krasnoyarsk_rtz_6": "{{value}} Krasnojarsk (RTZ 6)",
        "jerusalem": "{{value}} Jeruzalem",
        "sarajevo_skopje_warsaw_zagreb": "{{value}} Sarajevo, Skopje, Varšava, Zagreb",
        "us_canada_central": "{{value}} ZDA/Kanada Srednji",
        "vladivostok_magadan": "{{value}} Vladivostok, Magadan (RTZ 9)",
        "yangon": "{{value}} Yangon",
        "port_louis": "{{value}} Port Louis",
        "la_paz": "{{value}} La Paz",
        "kaliningrad_rtz_1": "{{value}} Kaliningrad (RTZ 1)"
    }
}
